interactor,degree_centrality,degree_centrality_norm,betweenness_centrality,betweenness_centrality_norm
DIP-383N,1,0.0015600624024961,0,0
DIP-1072N,1,0.0015600624024961,0,0
DIP-302N,1,0.0015600624024961,0,0
DIP-664N,3,0.0046801872074883,15,7.31279251170047e-05
DIP-267N,4,0.0062402496099844,6,2.92511700468019e-05
DIP-499N,1,0.0015600624024961,0,0
DIP-473N,1,0.0015600624024961,0,0
DIP-588N,2,0.0031201248049922,15,7.31279251170047e-05
DIP-164N,3,0.0046801872074883,13,6.33775351014041e-05
DIP-138N,5,0.0078003120124805,10,4.87519500780031e-05
DIP-446N,1,0.0015600624024961,0,0
DIP-1031N,1,0.0015600624024961,0,0
DIP-108N,12,0.0187207488299532,225.666666666667,0.00110016900676027
DIP-373N,1,0.0015600624024961,0,0
DIP-347N,3,0.0046801872074883,2.66666666666667,1.30005200208008e-05
DIP-358N,4,0.0062402496099844,32.6666666666667,0.00015925637025481
DIP-289N,3,0.0046801872074883,8.91666666666667,4.34704888195528e-05
DIP-74N,2,0.0031201248049922,1,4.87519500780031e-06
DIP-52N,1,0.0015600624024961,0,0
DIP-476N,2,0.0031201248049922,18,8.77535101404056e-05
DIP-299N,3,0.0046801872074883,15.6666666666667,7.63780551222049e-05
DIP-1045N,3,0.0046801872074883,4.5,2.19383775351014e-05
DIP-947N,2,0.0031201248049922,0.666666666666667,3.25013000520021e-06
DIP-488N,2,0.0031201248049922,0.666666666666667,3.25013000520021e-06
DIP-516N,4,0.0062402496099844,28,0.000136505460218409
DIP-487N,1,0.0015600624024961,0,0
DIP-1N,2,0.0031201248049922,1,4.87519500780031e-06
DIP-105N,1,0.0015600624024961,0,0
DIP-682N,3,0.0046801872074883,83,0.000404641185647426
DIP-180N,1,0.0015600624024961,0,0
DIP-555N,3,0.0046801872074883,5,2.43759750390016e-05
DIP-186N,1,0.0015600624024961,0,0
DIP-95N,2,0.0031201248049922,8,3.90015600624025e-05
DIP-63N,1,0.0015600624024961,0,0
DIP-517N,3,0.0046801872074883,3,1.46255850234009e-05
DIP-788N,1,0.0015600624024961,0,0
DIP-607N,1,0.0015600624024961,0,0
DIP-217N,4,0.0062402496099844,10,4.87519500780031e-05
DIP-606N,3,0.0046801872074883,6.5,3.1688767550702e-05
DIP-448N,1,0.0015600624024961,0,0
DIP-305N,1,0.0015600624024961,0,0
DIP-480N,2,0.0031201248049922,8,3.90015600624025e-05
DIP-251N,2,0.0031201248049922,3,1.46255850234009e-05
DIP-784N,1,0.0015600624024961,0,0
DIP-527N,1,0.0015600624024961,0,0
DIP-653N,2,0.0031201248049922,12,5.85023400936037e-05
DIP-225N,2,0.0031201248049922,1,4.87519500780031e-06
DIP-310N,1,0.0015600624024961,0,0
DIP-1164N,0,0,0,0
DIP-2659N,1,0.0015600624024961,0,0
DIP-2660N,2,0.0031201248049922,0,0
DIP-2661N,2,0.0031201248049922,0,0
DIP-2904N,0,0,0,0
DIP-2861N,1,0.0015600624024961,0,0
DIP-5715N,8,0.0124804992199688,343,0.00167219188767551
DIP-5717N,8,0.0124804992199688,643,0.0031347503900156
DIP-5790N,2,0.0031201248049922,1,4.87519500780031e-06
DIP-29078N,1,0.0015600624024961,0,0
DIP-125N,1,0.0015600624024961,0,0
DIP-5963N,5,0.0078003120124805,61,0.000297386895475819
DIP-6001N,1,0.0015600624024961,0,0
DIP-6041N,1,0.0015600624024961,0,0
DIP-5716N,6,0.0093603744149766,94,0.000458268330733229
DIP-5712N,2,0.0031201248049922,0,0
DIP-5719N,1,0.0015600624024961,0,0
DIP-6073N,1,0.0015600624024961,0,0
DIP-6113N,1,0.0015600624024961,0,0
DIP-6112N,2,0.0031201248049922,1,4.87519500780031e-06
DIP-5965N,1,0.0015600624024961,0,0
DIP-5962N,4,0.0062402496099844,33,0.00016088143525741
DIP-6131N,3,0.0046801872074883,42,0.000204758190327613
DIP-6138N,1,0.0015600624024961,0,0
DIP-6139N,1,0.0015600624024961,0,0
DIP-6248N,1,0.0015600624024961,0,0
DIP-17015N,1,0.0015600624024961,0,0
DIP-6082N,1,0.0015600624024961,0,0
DIP-639N,1,0.0015600624024961,0,0
DIP-24203N,1,0.0015600624024961,0,0
DIP-24204N,2,0.0031201248049922,1,4.87519500780031e-06
DIP-28140N,2,0.0031201248049922,1,4.87519500780031e-06
DIP-29020N,1,0.0015600624024961,0,0
DIP-29029N,0,0,0,0
DIP-29118N,1,0.0015600624024961,0,0
DIP-29117N,7,0.0109204368174727,27,0.000131630265210608
DIP-29191N,3,0.0046801872074883,29,0.000141380655226209
DIP-29192N,1,0.0015600624024961,0,0
DIP-29202N,1,0.0015600624024961,0,0
DIP-29246N,1,0.0015600624024961,0,0
DIP-29257N,0,0,0,0
DIP-29256N,3,0.0046801872074883,370,0.00180382215288612
DIP-29265N,1,0.0015600624024961,0,0
DIP-5720N,1,0.0015600624024961,0,0
DIP-29351N,5,0.0078003120124805,89,0.000433892355694228
DIP-5718N,4,0.0062402496099844,50,0.000243759750390016
DIP-29400N,0,0,0,0
DIP-29352N,4,0.0062402496099844,47,0.000229134165366615
DIP-29528N,11,0.0171606864274571,95,0.00046314352574103
DIP-29532N,0,0,0,0
DIP-29590N,4,0.0062402496099844,39,0.000190132605304212
DIP-29591N,1,0.0015600624024961,0,0
DIP-29592N,1,0.0015600624024961,0,0
DIP-29639N,3,0.0046801872074883,115,0.000560647425897036
DIP-29699N,1,0.0015600624024961,0,0
DIP-29715N,2,0.0031201248049922,1,4.87519500780031e-06
DIP-29761N,14,0.0218408736349454,1024,0.00499219968798752
DIP-29764N,1,0.0015600624024961,0,0
DIP-29762N,1,0.0015600624024961,0,0
DIP-29767N,3,0.0046801872074883,24.5,0.000119442277691108
DIP-29765N,5,0.0078003120124805,72,0.000351014040561622
DIP-29766N,2,0.0031201248049922,3,1.46255850234009e-05
DIP-29775N,1,0.0015600624024961,0,0
DIP-29839N,3,0.0046801872074883,3,1.46255850234009e-05
DIP-29843N,1,0.0015600624024961,0,0
DIP-29842N,6,0.0093603744149766,15,7.31279251170047e-05
DIP-29862N,1,0.0015600624024961,0,0
DIP-29864N,1,0.0015600624024961,0,0
DIP-29866N,1,0.0015600624024961,0,0
DIP-29863N,4,0.0062402496099844,6,2.92511700468019e-05
DIP-29877N,1,0.0015600624024961,0,0
DIP-29906N,1,0.0015600624024961,0,0
DIP-29907N,2,0.0031201248049922,1,4.87519500780031e-06
DIP-29910N,1,0.0015600624024961,0,0
DIP-29867N,1,0.0015600624024961,0,0
DIP-2863N,3,0.0046801872074883,83,0.000404641185647426
DIP-30941N,5,0.0078003120124805,193.5,0.00094335023400936
DIP-33893N,0,0,0,0
DIP-35337N,1,0.0015600624024961,0,0
DIP-37486N,6,0.0093603744149766,199.5,0.000972601404056162
DIP-30977N,2,0.0031201248049922,0.5,2.43759750390016e-06
DIP-30979N,2,0.0031201248049922,0.5,2.43759750390016e-06
DIP-41432N,3,0.0046801872074883,13,6.33775351014041e-05
DIP-33702N,3,0.0046801872074883,8,3.90015600624025e-05
DIP-41967N,0,0,0,0
DIP-32642N,2,0.0031201248049922,0.5,2.43759750390016e-06
DIP-44062N,2,0.0031201248049922,0.5,2.43759750390016e-06
DIP-5974N,1,0.0015600624024961,0,0
DIP-46027N,1,0.0015600624024961,0,0
DIP-46057N,2,0.0031201248049922,1.5,7.31279251170047e-06
DIP-46059N,2,0.0031201248049922,0.5,2.43759750390016e-06
DIP-46060N,3,0.0046801872074883,6.5,3.1688767550702e-05
DIP-46120N,1,0.0015600624024961,0,0
DIP-46161N,3,0.0046801872074883,19,9.26287051482059e-05
DIP-42731N,2,0.0031201248049922,24,0.000117004680187207
DIP-46025N,2,0.0031201248049922,1,4.87519500780031e-06
DIP-46106N,0,0,0,0
DIP-46337N,0,0,0,0
DIP-46223N,4,0.0062402496099844,6,2.92511700468019e-05
DIP-46144N,1,0.0015600624024961,0,0
DIP-46236N,2,0.0031201248049922,2.5,1.21879875195008e-05
DIP-46241N,1,0.0015600624024961,0,0
DIP-31794N,5,0.0078003120124805,17.5,8.53159126365055e-05
DIP-46284N,0,0,0,0
DIP-46315N,1,0.0015600624024961,0,0
DIP-34427N,1,0.0015600624024961,0,0
DIP-46314N,3,0.0046801872074883,3,1.46255850234009e-05
DIP-33255N,0,0,0,0
DIP-46408N,1,0.0015600624024961,0,0
DIP-46210N,1,0.0015600624024961,0,0
DIP-41263N,2,0.0031201248049922,6,2.92511700468019e-05
DIP-40709N,0,0,0,0
DIP-46500N,3,0.0046801872074883,115,0.000560647425897036
DIP-46455N,1,0.0015600624024961,0,0
DIP-46497N,2,0.0031201248049922,1,4.87519500780031e-06
DIP-46498N,1,0.0015600624024961,0,0
DIP-46501N,4,0.0062402496099844,277,0.00135042901716069
DIP-46502N,1,0.0015600624024961,0,0
DIP-268N,1,0.0015600624024961,0,0
DIP-35503N,5,0.0078003120124805,77.5,0.000377827613104524
DIP-42209N,1,0.0015600624024961,0,0
DIP-48329N,0,0,0,0
DIP-48395N,3,0.0046801872074883,1,4.87519500780031e-06
DIP-48406N,0,0,0,0
DIP-48411N,0,0,0,0
DIP-48423N,1,0.0015600624024961,0,0
DIP-40985N,7,0.0109204368174727,280,0.00136505460218409
DIP-674N,7,0.0109204368174727,30,0.000146255850234009
DIP-30919N,1,0.0015600624024961,0,0
DIP-48448N,1,0.0015600624024961,0,0
DIP-48425N,1,0.0015600624024961,0,0
DIP-48601N,2,0.0031201248049922,0,0
DIP-37260N,1,0.0015600624024961,0,0
DIP-48643N,2,0.0031201248049922,0,0
DIP-33404N,2,0.0031201248049922,4,1.95007800312012e-05
DIP-48600N,2,0.0031201248049922,0,0
DIP-48602N,2,0.0031201248049922,0,0
DIP-48660N,1,0.0015600624024961,0,0
DIP-48683N,1,0.0015600624024961,0,0
DIP-48689N,3,0.0046801872074883,3,1.46255850234009e-05
DIP-48721N,2,0.0031201248049922,34,0.000165756630265211
DIP-34793N,7,0.0109204368174727,46,0.000224258970358814
DIP-44897N,0,0,0,0
DIP-36927N,1,0.0015600624024961,0,0
DIP-40808N,4,0.0062402496099844,6,2.92511700468019e-05
DIP-38940N,4,0.0062402496099844,123,0.000599648985959438
DIP-30952N,8,0.0124804992199688,876.5,0.00427310842433697
DIP-28143N,1,0.0015600624024961,0,0
DIP-30929N,8,0.0124804992199688,520.5,0.00253753900156006
DIP-48796N,1,0.0015600624024961,0,0
DIP-41330N,2,0.0031201248049922,0,0
DIP-48891N,2,0.0031201248049922,0,0
DIP-48892N,2,0.0031201248049922,0,0
DIP-48902N,2,0.0031201248049922,0,0
DIP-48903N,1,0.0015600624024961,0,0
DIP-618N,2,0.0031201248049922,120,0.000585023400936037
DIP-48909N,1,0.0015600624024961,0,0
DIP-46364N,2,0.0031201248049922,0,0
DIP-48879N,2,0.0031201248049922,0,0
DIP-48941N,1,0.0015600624024961,0,0
DIP-46857N,1,0.0015600624024961,0,0
DIP-41145N,1,0.0015600624024961,0,0
DIP-31951N,2,0.0031201248049922,1,4.87519500780031e-06
DIP-49003N,1,0.0015600624024961,0,0
DIP-49008N,0,0,0,0
DIP-30883N,1,0.0015600624024961,0,0
DIP-41816N,1,0.0015600624024961,0,0
DIP-58550N,1,0.0015600624024961,0,0
DIP-58553N,1,0.0015600624024961,0,0
DIP-39067N,1,0.0015600624024961,0,0
DIP-53073N,1,0.0015600624024961,0,0
DIP-58546N,8,0.0124804992199688,28,0.000136505460218409
DIP-46289N,1,0.0015600624024961,0,0
DIP-32990N,2,0.0031201248049922,3,1.46255850234009e-05
DIP-58986N,1,0.0015600624024961,0,0
DIP-29064N,6,0.0093603744149766,227.5,0.00110910686427457
DIP-661N,1,0.0015600624024961,0,0
DIP-29205N,8,0.0124804992199688,159.75,0.0007788124024961
DIP-38195N,2,0.0031201248049922,1,4.87519500780031e-06
DIP-40850N,1,0.0015600624024961,0,0
DIP-1073N,3,0.0046801872074883,5,2.43759750390016e-05
DIP-59090N,13,0.0202808112324493,78,0.000380265210608424
DIP-59092N,1,0.0015600624024961,0,0
DIP-50368N,1,0.0015600624024961,0,0
DIP-59094N,1,0.0015600624024961,0,0
DIP-29255N,1,0.0015600624024961,0,0
DIP-59135N,1,0.0015600624024961,0,0
DIP-40508N,1,0.0015600624024961,0,0
DIP-30978N,0,0,0,0
DIP-59127N,1,0.0015600624024961,0,0
DIP-57168N,3,0.0046801872074883,3,1.46255850234009e-05
DIP-29832N,1,0.0015600624024961,0,0
DIP-59169N,1,0.0015600624024961,0,0
DIP-24261N,1,0.0015600624024961,0,0
DIP-59191N,3,0.0046801872074883,402,0.00195982839313573
DIP-1050N,1,0.0015600624024961,0,0
DIP-41779N,2,0.0031201248049922,1,4.87519500780031e-06
DIP-586N,1,0.0015600624024961,0,0
DIP-37029N,4,0.0062402496099844,21,0.000102379095163807
DIP-41167N,1,0.0015600624024961,0,0
DIP-36896N,5,0.0078003120124805,389,0.00189645085803432
DIP-5994N,5,0.0078003120124805,42,0.000204758190327613
DIP-59128N,1,0.0015600624024961,0,0
DIP-766N,5,0.0078003120124805,41.9166666666666,0.000204351924076963
DIP-59420N,1,0.0015600624024961,0,0
DIP-59341N,1,0.0015600624024961,0,0
DIP-59342N,1,0.0015600624024961,0,0
DIP-32709N,1,0.0015600624024961,0,0
DIP-6130N,1,0.0015600624024961,0,0
DIP-41587N,1,0.0015600624024961,0,0
DIP-59340N,2,0.0031201248049922,34,0.000165756630265211
DIP-38519N,1,0.0015600624024961,0,0
DIP-38518N,1,0.0015600624024961,0,0
DIP-249N,1,0.0015600624024961,0,0
DIP-30985N,1,0.0015600624024961,0,0
DIP-30987N,1,0.0015600624024961,0,0
DIP-40507N,4,0.0062402496099844,12,5.85023400936037e-05
DIP-46151N,1,0.0015600624024961,0,0
DIP-41720N,3,0.0046801872074883,28.5,0.000138943057722309
DIP-53082N,1,0.0015600624024961,0,0
DIP-59714N,1,0.0015600624024961,0,0
DIP-33401N,1,0.0015600624024961,0,0
DIP-59689N,1,0.0015600624024961,0,0
DIP-59551N,3,0.0046801872074883,28.5,0.000138943057722309
DIP-59488N,1,0.0015600624024961,0,0
DIP-17016N,4,0.0062402496099844,6,2.92511700468019e-05
DIP-59866N,2,0.0031201248049922,1,4.87519500780031e-06
DIP-59867N,1,0.0015600624024961,0,0
DIP-46162N,1,0.0015600624024961,0,0
DIP-59941N,1,0.0015600624024961,0,0
DIP-38953N,3,0.0046801872074883,9,4.38767550702028e-05
DIP-59957N,1,0.0015600624024961,0,0
DIP-59942N,1,0.0015600624024961,0,0
DIP-41142N,0,0,0,0
DIP-60007N,0,0,0,0
DIP-41365N,1,0.0015600624024961,0,0
DIP-29695N,1,0.0015600624024961,0,0
DIP-31527N,2,0.0031201248049922,0,0
DIP-42185N,1,0.0015600624024961,0,0
DIP-57338N,1,0.0015600624024961,0,0
DIP-37068N,1,0.0015600624024961,0,0
DIP-60063N,2,0.0031201248049922,0,0
DIP-29264N,3,0.0046801872074883,3,1.46255850234009e-05
DIP-33271N,0,0,0,0
DIP-37290N,0,0,0,0
DIP-37970N,1,0.0015600624024961,0,0
DIP-60188N,2,0.0031201248049922,82,0.000399765990639626
DIP-60184N,2,0.0031201248049922,42,0.000204758190327613
DIP-60185N,2,0.0031201248049922,42,0.000204758190327613
DIP-60262N,2,0.0031201248049922,1,4.87519500780031e-06
DIP-60265N,2,0.0031201248049922,2,9.75039001560062e-06
DIP-60303N,1,0.0015600624024961,0,0
DIP-878N,1,0.0015600624024961,0,0
DIP-60304N,1,0.0015600624024961,0,0
DIP-41399N,1,0.0015600624024961,0,0
DIP-33262N,1,0.0015600624024961,0,0
DIP-56069N,2,0.0031201248049922,0.5,2.43759750390016e-06
DIP-46795N,2,0.0031201248049922,0.5,2.43759750390016e-06
DIP-39763N,1,0.0015600624024961,0,0
DIP-60380N,1,0.0015600624024961,0,0
DIP-60381N,1,0.0015600624024961,0,0
DIP-41279N,4,0.0062402496099844,118,0.000575273010920437
DIP-60385N,1,0.0015600624024961,0,0
DIP-32976N,1,0.0015600624024961,0,0
DIP-32368N,1,0.0015600624024961,0,0
DIP-60433N,1,0.0015600624024961,0,0
DIP-46016N,1,0.0015600624024961,0,0
DIP-60432N,1,0.0015600624024961,0,0
DIP-37019N,4,0.0062402496099844,44,0.000214508580343214
DIP-60384N,2,0.0031201248049922,0,0
DIP-685N,1,0.0015600624024961,0,0
DIP-42782N,2,0.0031201248049922,14,6.82527301092044e-05
DIP-59600N,1,0.0015600624024961,0,0
DIP-59601N,2,0.0031201248049922,1,4.87519500780031e-06
DIP-35502N,3,0.0046801872074883,0,0
DIP-33091N,1,0.0015600624024961,0,0
DIP-60508N,1,0.0015600624024961,0,0
DIP-1258N,2,0.0031201248049922,1,4.87519500780031e-06
DIP-60518N,1,0.0015600624024961,0,0
DIP-47656N,3,0.0046801872074883,442,0.00215483619344774
DIP-47657N,1,0.0015600624024961,0,0
DIP-60524N,1,0.0015600624024961,0,0
DIP-60561N,2,0.0031201248049922,14,6.82527301092044e-05
DIP-56949N,0,0,0,0
DIP-44064N,1,0.0015600624024961,0,0
DIP-60657N,0,0,0,0
DIP-60682N,1,0.0015600624024961,0,0
DIP-60681N,1,0.0015600624024961,0,0
DIP-60704N,3,0.0046801872074883,125,0.000609399375975039
DIP-29698N,5,0.0078003120124805,70,0.000341263650546022
DIP-60713N,1,0.0015600624024961,0,0
DIP-54818N,3,0.0046801872074883,13,6.33775351014041e-05
DIP-29208N,8,0.0124804992199688,454.5,0.00221577613104524
DIP-33275N,4,0.0062402496099844,171,0.000833658346333853
DIP-60740N,2,0.0031201248049922,2.5,1.21879875195008e-05
DIP-60739N,2,0.0031201248049922,0.5,2.43759750390016e-06
DIP-60741N,2,0.0031201248049922,1,4.87519500780031e-06
DIP-60751N,1,0.0015600624024961,0,0
DIP-33696N,2,0.0031201248049922,0,0
DIP-60770N,1,0.0015600624024961,0,0
DIP-33953N,2,0.0031201248049922,0,0
DIP-37114N,1,0.0015600624024961,0,0
DIP-60789N,1,0.0015600624024961,0,0
DIP-59249N,2,0.0031201248049922,1,4.87519500780031e-06
DIP-60794N,0,0,0,0
DIP-47397N,3,0.0046801872074883,2,9.75039001560062e-06
DIP-60742N,1,0.0015600624024961,0,0
DIP-5855N,1,0.0015600624024961,0,0
DIP-60851N,1,0.0015600624024961,0,0
DIP-60850N,1,0.0015600624024961,0,0
DIP-60874N,1,0.0015600624024961,0,0
DIP-31532N,1,0.0015600624024961,0,0
DIP-55974N,1,0.0015600624024961,0,0
DIP-44866N,2,0.0031201248049922,1,4.87519500780031e-06
DIP-36948N,1,0.0015600624024961,0,0
DIP-5740N,1,0.0015600624024961,0,0
DIP-44935N,1,0.0015600624024961,0,0
DIP-36536N,1,0.0015600624024961,0,0
DIP-60962N,2,0.0031201248049922,1,4.87519500780031e-06
DIP-60964N,1,0.0015600624024961,0,0
DIP-29066N,4,0.0062402496099844,37.9166666666667,0.000184851144045762
DIP-46229N,1,0.0015600624024961,0,0
DIP-29206N,1,0.0015600624024961,0,0
DIP-60985N,3,0.0046801872074883,2.5,1.21879875195008e-05
DIP-44909N,4,0.0062402496099844,7.5,3.65639625585023e-05
DIP-60983N,3,0.0046801872074883,5.66666666666667,2.76261050442018e-05
DIP-60988N,2,0.0031201248049922,0.666666666666667,3.25013000520021e-06
DIP-60987N,2,0.0031201248049922,0.666666666666667,3.25013000520021e-06
DIP-1136N,1,0.0015600624024961,0,0
DIP-61095N,1,0.0015600624024961,0,0
DIP-61121N,2,0.0031201248049922,1,4.87519500780031e-06
DIP-35686N,1,0.0015600624024961,0,0
DIP-40738N,2,0.0031201248049922,1,4.87519500780031e-06
DIP-33272N,1,0.0015600624024961,0,0
DIP-57661N,1,0.0015600624024961,0,0
DIP-61146N,1,0.0015600624024961,0,0
DIP-36887N,1,0.0015600624024961,0,0
DIP-41029N,1,0.0015600624024961,0,0
DIP-61308N,1,0.0015600624024961,0,0
DIP-61263N,1,0.0015600624024961,0,0
DIP-61264N,1,0.0015600624024961,0,0
DIP-61290N,1,0.0015600624024961,0,0
DIP-61213N,1,0.0015600624024961,0,0
DIP-61212N,2,0.0031201248049922,1,4.87519500780031e-06
DIP-2262N,1,0.0015600624024961,0,0
DIP-5979N,1,0.0015600624024961,0,0
DIP-33878N,1,0.0015600624024961,0,0
DIP-61326N,1,0.0015600624024961,0,0
DIP-61327N,1,0.0015600624024961,0,0
DIP-44817N,0,0,0,0
DIP-29452N,1,0.0015600624024961,0,0
DIP-61522N,0,0,0,0
DIP-41937N,0,0,0,0
DIP-41143N,0,0,0,0
DIP-37175N,2,0.0031201248049922,0,0
DIP-61629N,1,0.0015600624024961,0,0
DIP-33098N,3,0.0046801872074883,58,0.000282761310452418
DIP-61632N,3,0.0046801872074883,3,1.46255850234009e-05
DIP-31950N,1,0.0015600624024961,0,0
DIP-582N,2,0.0031201248049922,2,9.75039001560062e-06
DIP-736N,1,0.0015600624024961,0,0
DIP-403N,1,0.0015600624024961,0,0
DIP-261N,1,0.0015600624024961,0,0
DIP-22N,1,0.0015600624024961,0,0
DIP-61N,1,0.0015600624024961,0,0
DIP-604N,1,0.0015600624024961,0,0
DIP-259N,1,0.0015600624024961,0,0
DIP-666N,1,0.0015600624024961,0,0
DIP-464N,1,0.0015600624024961,0,0
DIP-118N,1,0.0015600624024961,0,0
DIP-485N,1,0.0015600624024961,0,0
DIP-1048N,4,0.0062402496099844,11.5,5.60647425897036e-05
DIP-502N,1,0.0015600624024961,0,0
DIP-29229N,1,0.0015600624024961,0,0
DIP-208N,1,0.0015600624024961,0,0
DIP-1007N,1,0.0015600624024961,0,0
DIP-66N,1,0.0015600624024961,0,0
DIP-491N,1,0.0015600624024961,0,0
DIP-271N,1,0.0015600624024961,0,0
DIP-645N,1,0.0015600624024961,0,0
DIP-608N,1,0.0015600624024961,0,0
DIP-603N,2,0.0031201248049922,1.5,7.31279251170047e-06
DIP-641N,1,0.0015600624024961,0,0
DIP-552N,1,0.0015600624024961,0,0
DIP-869N,1,0.0015600624024961,0,0
DIP-1005N,1,0.0015600624024961,0,0
DIP-1071N,1,0.0015600624024961,0,0
DIP-77N,1,0.0015600624024961,0,0
DIP-2658N,1,0.0015600624024961,0,0
DIP-2662N,2,0.0031201248049922,0,0
DIP-5789N,1,0.0015600624024961,0,0
DIP-5791N,1,0.0015600624024961,0,0
DIP-5932N,1,0.0015600624024961,0,0
DIP-6040N,1,0.0015600624024961,0,0
DIP-6042N,1,0.0015600624024961,0,0
DIP-6074N,1,0.0015600624024961,0,0
DIP-6114N,1,0.0015600624024961,0,0
DIP-5966N,1,0.0015600624024961,0,0
DIP-5967N,1,0.0015600624024961,0,0
DIP-6132N,1,0.0015600624024961,0,0
DIP-6137N,1,0.0015600624024961,0,0
DIP-6140N,1,0.0015600624024961,0,0
DIP-6247N,1,0.0015600624024961,0,0
DIP-24206N,1,0.0015600624024961,0,0
DIP-28138N,1,0.0015600624024961,0,0
DIP-28139N,1,0.0015600624024961,0,0
DIP-29021N,1,0.0015600624024961,0,0
DIP-29119N,1,0.0015600624024961,0,0
DIP-29245N,1,0.0015600624024961,0,0
DIP-29529N,1,0.0015600624024961,0,0
DIP-29589N,2,0.0031201248049922,44,0.000214508580343214
DIP-29638N,1,0.0015600624024961,0,0
DIP-24269N,1,0.0015600624024961,0,0
DIP-29763N,1,0.0015600624024961,0,0
DIP-29776N,1,0.0015600624024961,0,0
DIP-29840N,1,0.0015600624024961,0,0
DIP-29844N,1,0.0015600624024961,0,0
DIP-29847N,1,0.0015600624024961,0,0
DIP-29846N,1,0.0015600624024961,0,0
DIP-29865N,1,0.0015600624024961,0,0
DIP-29878N,1,0.0015600624024961,0,0
DIP-29905N,1,0.0015600624024961,0,0
DIP-29911N,1,0.0015600624024961,0,0
DIP-29974N,1,0.0015600624024961,0,0
DIP-32160N,2,0.0031201248049922,0.5,2.43759750390016e-06
DIP-36407N,1,0.0015600624024961,0,0
DIP-5929N,1,0.0015600624024961,0,0
DIP-46058N,2,0.0031201248049922,1.5,7.31279251170047e-06
DIP-40821N,1,0.0015600624024961,0,0
DIP-46159N,1,0.0015600624024961,0,0
DIP-46160N,1,0.0015600624024961,0,0
DIP-599N,1,0.0015600624024961,0,0
DIP-33949N,1,0.0015600624024961,0,0
DIP-46222N,1,0.0015600624024961,0,0
DIP-46145N,1,0.0015600624024961,0,0
DIP-46242N,1,0.0015600624024961,0,0
DIP-46316N,1,0.0015600624024961,0,0
DIP-46407N,1,0.0015600624024961,0,0
DIP-46211N,1,0.0015600624024961,0,0
DIP-36674N,1,0.0015600624024961,0,0
DIP-41833N,1,0.0015600624024961,0,0
DIP-33254N,1,0.0015600624024961,0,0
DIP-29750N,1,0.0015600624024961,0,0
DIP-37054N,1,0.0015600624024961,0,0
DIP-34031N,2,0.0031201248049922,0,0
DIP-48424N,1,0.0015600624024961,0,0
DIP-40867N,1,0.0015600624024961,0,0
DIP-48447N,1,0.0015600624024961,0,0
DIP-35287N,1,0.0015600624024961,0,0
DIP-36916N,1,0.0015600624024961,0,0
DIP-44925N,1,0.0015600624024961,0,0
DIP-48659N,1,0.0015600624024961,0,0
DIP-231N,1,0.0015600624024961,0,0
DIP-5968N,1,0.0015600624024961,0,0
DIP-48690N,1,0.0015600624024961,0,0
DIP-48901N,1,0.0015600624024961,0,0
DIP-48702N,1,0.0015600624024961,0,0
DIP-1059N,1,0.0015600624024961,0,0
DIP-30849N,1,0.0015600624024961,0,0
DIP-37053N,3,0.0046801872074883,10,4.87519500780031e-05
DIP-33263N,4,0.0062402496099844,5,2.43759750390016e-05
DIP-48942N,1,0.0015600624024961,0,0
DIP-42010N,1,0.0015600624024961,0,0
DIP-48977N,1,0.0015600624024961,0,0
DIP-41144N,1,0.0015600624024961,0,0
DIP-49024N,2,0.0031201248049922,8,3.90015600624025e-05
DIP-29227N,1,0.0015600624024961,0,0
DIP-58640N,1,0.0015600624024961,0,0
DIP-44707N,1,0.0015600624024961,0,0
DIP-29065N,1,0.0015600624024961,0,0
DIP-58641N,1,0.0015600624024961,0,0
DIP-58547N,1,0.0015600624024961,0,0
DIP-58548N,1,0.0015600624024961,0,0
DIP-58549N,1,0.0015600624024961,0,0
DIP-58551N,1,0.0015600624024961,0,0
DIP-58552N,1,0.0015600624024961,0,0
DIP-58554N,1,0.0015600624024961,0,0
DIP-58987N,1,0.0015600624024961,0,0
DIP-46811N,2,0.0031201248049922,7,3.41263650546022e-05
DIP-30882N,1,0.0015600624024961,0,0
DIP-39742N,1,0.0015600624024961,0,0
DIP-29399N,1,0.0015600624024961,0,0
DIP-59045N,1,0.0015600624024961,0,0
DIP-59091N,1,0.0015600624024961,0,0
DIP-40869N,1,0.0015600624024961,0,0
DIP-59093N,1,0.0015600624024961,0,0
DIP-59095N,1,0.0015600624024961,0,0
DIP-59096N,1,0.0015600624024961,0,0
DIP-44832N,2,0.0031201248049922,1,4.87519500780031e-06
DIP-37278N,1,0.0015600624024961,0,0
DIP-59208N,1,0.0015600624024961,0,0
DIP-37656N,1,0.0015600624024961,0,0
DIP-29727N,1,0.0015600624024961,0,0
DIP-37188N,1,0.0015600624024961,0,0
DIP-50866N,1,0.0015600624024961,0,0
DIP-33948N,1,0.0015600624024961,0,0
DIP-44088N,1,0.0015600624024961,0,0
DIP-57088N,1,0.0015600624024961,0,0
DIP-59214N,1,0.0015600624024961,0,0
DIP-40957N,2,0.0031201248049922,1,4.87519500780031e-06
DIP-59370N,1,0.0015600624024961,0,0
DIP-47809N,2,0.0031201248049922,1,4.87519500780031e-06
DIP-44833N,1,0.0015600624024961,0,0
DIP-41848N,1,0.0015600624024961,0,0
DIP-392N,1,0.0015600624024961,0,0
DIP-31970N,2,0.0031201248049922,0,0
DIP-42063N,1,0.0015600624024961,0,0
DIP-59715N,1,0.0015600624024961,0,0
DIP-59688N,1,0.0015600624024961,0,0
DIP-346N,1,0.0015600624024961,0,0
DIP-59840N,1,0.0015600624024961,0,0
DIP-59845N,1,0.0015600624024961,0,0
DIP-36293N,1,0.0015600624024961,0,0
DIP-59956N,1,0.0015600624024961,0,0
DIP-31124N,1,0.0015600624024961,0,0
DIP-60008N,1,0.0015600624024961,0,0
DIP-60041N,1,0.0015600624024961,0,0
DIP-33299N,2,0.0031201248049922,0,0
DIP-60097N,1,0.0015600624024961,0,0
DIP-37314N,2,0.0031201248049922,1,4.87519500780031e-06
DIP-60140N,1,0.0015600624024961,0,0
DIP-60171N,1,0.0015600624024961,0,0
DIP-60186N,1,0.0015600624024961,0,0
DIP-31568N,1,0.0015600624024961,0,0
DIP-41193N,1,0.0015600624024961,0,0
DIP-35759N,1,0.0015600624024961,0,0
DIP-60266N,1,0.0015600624024961,0,0
DIP-1899N,1,0.0015600624024961,0,0
DIP-36968N,1,0.0015600624024961,0,0
DIP-60305N,1,0.0015600624024961,0,0
DIP-41952N,1,0.0015600624024961,0,0
DIP-60342N,2,0.0031201248049922,0.5,2.43759750390016e-06
DIP-60343N,2,0.0031201248049922,0.5,2.43759750390016e-06
DIP-37896N,1,0.0015600624024961,0,0
DIP-60383N,2,0.0031201248049922,38,0.000185257410296412
DIP-175N,1,0.0015600624024961,0,0
DIP-40038N,1,0.0015600624024961,0,0
DIP-40510N,1,0.0015600624024961,0,0
DIP-33604N,1,0.0015600624024961,0,0
DIP-368N,1,0.0015600624024961,0,0
DIP-211N,1,0.0015600624024961,0,0
DIP-35702N,1,0.0015600624024961,0,0
DIP-41481N,2,0.0031201248049922,1,4.87519500780031e-06
DIP-36918N,1,0.0015600624024961,0,0
DIP-37179N,2,0.0031201248049922,1,4.87519500780031e-06
DIP-36947N,2,0.0031201248049922,0,0
DIP-41048N,1,0.0015600624024961,0,0
DIP-36966N,1,0.0015600624024961,0,0
DIP-60743N,1,0.0015600624024961,0,0
DIP-41827N,1,0.0015600624024961,0,0
DIP-32216N,1,0.0015600624024961,0,0
DIP-60747N,2,0.0031201248049922,8,3.90015600624025e-05
DIP-60750N,2,0.0031201248049922,0,0
DIP-60781N,3,0.0046801872074883,434,0.00211583463338534
DIP-36882N,1,0.0015600624024961,0,0
DIP-60791N,1,0.0015600624024961,0,0
DIP-40944N,1,0.0015600624024961,0,0
DIP-30954N,1,0.0015600624024961,0,0
DIP-60875N,2,0.0031201248049922,1,4.87519500780031e-06
DIP-42785N,1,0.0015600624024961,0,0
DIP-29686N,1,0.0015600624024961,0,0
DIP-44911N,1,0.0015600624024961,0,0
DIP-60963N,1,0.0015600624024961,0,0
DIP-43906N,1,0.0015600624024961,0,0
DIP-39378N,1,0.0015600624024961,0,0
DIP-60986N,1,0.0015600624024961,0,0
DIP-61094N,2,0.0031201248049922,7,3.41263650546022e-05
DIP-61122N,1,0.0015600624024961,0,0
DIP-32521N,1,0.0015600624024961,0,0
DIP-2995N,1,0.0015600624024961,0,0
DIP-1559N,1,0.0015600624024961,0,0
DIP-61133N,1,0.0015600624024961,0,0
DIP-61137N,1,0.0015600624024961,0,0
DIP-61143N,1,0.0015600624024961,0,0
DIP-39461N,1,0.0015600624024961,0,0
DIP-37338N,1,0.0015600624024961,0,0
DIP-31275N,1,0.0015600624024961,0,0
DIP-61307N,1,0.0015600624024961,0,0
DIP-119N,1,0.0015600624024961,0,0
DIP-61285N,1,0.0015600624024961,0,0
DIP-61286N,1,0.0015600624024961,0,0
DIP-61291N,1,0.0015600624024961,0,0
DIP-61214N,1,0.0015600624024961,0,0
DIP-29049N,1,0.0015600624024961,0,0
DIP-61323N,1,0.0015600624024961,0,0
DIP-37312N,1,0.0015600624024961,0,0
DIP-554N,1,0.0015600624024961,0,0
DIP-30996N,1,0.0015600624024961,0,0
DIP-34766N,1,0.0015600624024961,0,0
DIP-34554N,1,0.0015600624024961,0,0
DIP-61686N,1,0.0015600624024961,0,0
DIP-37505N,1,0.0015600624024961,0,0
DIP-61630N,1,0.0015600624024961,0,0
DIP-61631N,1,0.0015600624024961,0,0
